State,Team,Month,nba web/app unique visitors,search events (unique users),youtube videos watched (unique users),nba web/app unique visitors.1,search events (unique users).1,youtube videos watched (unique users).1,num_users,weight avg
AK,No Team,9/1/2021,0,1,1,0,1.27808,1.27808,16,0.909525
AK,No Team,10/1/2021,0,2,0,0,1.13697,0,13,1.08225
AK,No Team,11/1/2021,0,1,0,0,0.33261,0,11,0.843124
AK,No Team,12/1/2021,0,0,1,0,0,0.37595,14,1.105191
AK,No Team,1/1/2022,1,1,0,1.28515,1.28515,0,11,1.059986
AK,No Team,2/1/2022,0,0,1,0,0,0.39544,12,0.992365
AK,No Team,3/1/2022,0,0,1,0,0,0.72307,24,0.909706
AK,No Team,4/1/2022,1,1,1,0.84295,0.84295,0.84295,21,0.908601
AK,No Team,5/1/2022,1,0,1,0.44713,0,0.95093,24,0.848662
AK,No Team,6/1/2022,1,1,1,0.9535,0.9535,0.9535,61,0.787472
AK,No Team,7/1/2022,1,0,1,1.91423,0,1.91423,16,1.256841
AL,Unsure,9/1/2021,1,4,4,0.22459,5.3699,1.84361,159,0.841418
AL,Unsure,10/1/2021,4,10,4,2.90064,9.90064,2.18963,148,0.801098
AL,Unsure,11/1/2021,6,13,5,6.66025,12.35289,2.9263,147,0.824892
AL,Unsure,12/1/2021,1,4,9,0.37629,2.60738,8.76775,144,0.825931
AL,Unsure,1/1/2022,0,5,7,0,5.51647,4.63916,159,0.838772
AL,Unsure,2/1/2022,5,5,8,3.44289,6.33907,9.3087,155,0.856954
AL,Unsure,3/1/2022,6,8,6,3.28193,11.80395,5.06418,351,0.806851
AL,Unsure,4/1/2022,13,10,15,8.70899,12.79338,14.62638,342,0.781112
AL,Unsure,5/1/2022,7,12,8,6.38789,20.48641,5.64038,316,0.809602
AL,Unsure,6/1/2022,8,15,16,7.71795,16.66959,15.61845,841,0.744464
AL,Unsure,7/1/2022,7,14,15,8.637,15.61048,11.59184,154,1.126235
AL,Unsure,8/1/2022,4,9,19,3.09853,13.68453,17.73911,652,0.817353
AR,Unsure,9/1/2021,0,0,3,0,0,3.30829,98,0.818121
AR,Unsure,10/1/2021,2,3,3,2.47569,3.33446,3.44213,79,0.834464
AR,Unsure,11/1/2021,2,5,3,2.01942,3.14752,3.25394,78,0.749661
AR,Unsure,12/1/2021,0,0,5,0,0,4.69222,87,0.740365
AR,Unsure,1/1/2022,0,1,8,0,0.39466,7.63293,87,0.811858
AR,Unsure,2/1/2022,2,3,5,3.54575,1.74978,3.00876,87,0.880878
AR,Unsure,3/1/2022,2,4,4,1.88884,4.04973,4.38666,188,0.854975
AR,Unsure,4/1/2022,2,4,7,1.75717,3.32369,10.52899,174,0.840397
AR,Unsure,5/1/2022,2,6,3,1.17585,5.88193,3.27683,165,0.848166
AR,Unsure,6/1/2022,1,6,6,0.2923,6.87282,5.38307,444,0.722777
AR,Unsure,7/1/2022,2,4,8,2.01181,4.23936,6.55691,98,1.191819
AR,Unsure,8/1/2022,2,3,7,0.94714,3.52309,8.86878,362,0.844758
AZ,Phoenix Suns,9/1/2021,5,9,3,3.35604,13.20646,5.21771,258,1.00479
AZ,Phoenix Suns,10/1/2021,4,23,11,8.72212,26.81376,11.64511,240,1.025604
AZ,Phoenix Suns,11/1/2021,3,27,10,4.09871,28.18389,10.13977,234,1.034655
AZ,Phoenix Suns,12/1/2021,4,6,8,3.98313,4.86638,6.7576,241,1.052957
AZ,Phoenix Suns,1/1/2022,6,10,9,8.42499,7.67186,6.29589,243,1.042406
AZ,Phoenix Suns,2/1/2022,1,12,7,0.37533,8.44311,6.9944,236,1.051137
AZ,Phoenix Suns,3/1/2022,9,17,13,13.50339,20.91389,18.23559,437,1.154012
AZ,Phoenix Suns,4/1/2022,15,17,17,20.68418,16.96331,20.99101,419,1.219232
AZ,Phoenix Suns,5/1/2022,6,22,16,9.75543,21.41757,16.1369,404,1.219657
AZ,Phoenix Suns,6/1/2022,5,21,15,2.88706,22.33863,17.42463,1012,1.037178
AZ,Phoenix Suns,7/1/2022,7,12,21,7.8549,10.01804,27.05904,253,1.74106
AZ,Phoenix Suns,8/1/2022,11,11,20,10.99831,18.90461,19.84763,879,1.144414
CA,Multiple,9/1/2021,11,28,28,13.9729,38.40639,41.632,1002,1.235637
CA,Multiple,10/1/2021,25,58,29,37.24271,90.45641,48.78469,874,1.225597
CA,Multiple,11/1/2021,21,78,23,28.1433,126.80843,40.73738,873,1.235549
CA,Multiple,12/1/2021,23,38,43,33.56871,69.39545,67.55277,946,1.229724
CA,Multiple,1/1/2022,28,35,38,37.81885,56.82684,66.77091,976,1.253051
CA,Multiple,2/1/2022,23,42,50,35.56105,60.67265,81.43883,951,1.237206
CA,Multiple,3/1/2022,50,50,60,72.89433,87.99819,115.37542,1711,1.274356
CA,Multiple,4/1/2022,51,74,52,77.33206,136.83677,104.38353,1697,1.268399
CA,Multiple,5/1/2022,62,74,65,81.17169,129.96708,112.28495,1703,1.261094
CA,Multiple,6/1/2022,55,97,62,79.39717,174.39891,132.89666,4049,1.074244
CA,Multiple,7/1/2022,43,44,79,51.52783,87.05597,117.48476,935,1.783673
CA,Multiple,8/1/2022,29,40,74,34.96105,92.77921,119.54004,3252,1.184894
CO,Denver Nuggets,9/1/2021,0,4,5,0,4.27391,7.77413,166,1.053716
CO,Denver Nuggets,10/1/2021,3,6,7,3.53771,4.35635,6.97409,164,1.021969
CO,Denver Nuggets,11/1/2021,4,9,4,5.77819,10.90714,3.52734,163,1.031766
CO,Denver Nuggets,12/1/2021,5,2,5,6.07575,1.9174,7.48891,174,1.008286
CO,Denver Nuggets,1/1/2022,2,2,8,3.341,1.70904,12.18349,173,0.962185
CO,Denver Nuggets,2/1/2022,1,6,7,1.50991,8.81133,9.00606,171,0.944212
CO,Denver Nuggets,3/1/2022,7,7,8,10.8173,10.58331,17.95785,319,1.064641
CO,Denver Nuggets,4/1/2022,7,8,13,10.92554,12.92897,16.67898,306,1.064454
CO,Denver Nuggets,5/1/2022,3,8,10,5.93355,8.128,14.42582,313,1.074604
CO,Denver Nuggets,6/1/2022,6,16,10,7.69014,15.68346,16.84972,674,0.956255
CO,Denver Nuggets,7/1/2022,5,1,7,5.67466,0.49501,9.72752,163,1.589159
CO,Denver Nuggets,8/1/2022,2,2,4,4.25759,3.74203,5.0918,521,1.094222
CT,Boston Celtics,9/1/2021,2,2,1,1.78556,1.23899,0.94606,134,0.894699
CT,Boston Celtics,10/1/2021,4,8,4,3.12912,5.05842,5.79063,112,0.890292
CT,Boston Celtics,11/1/2021,2,10,6,1.79277,6.35926,5.76339,117,0.929331
CT,Boston Celtics,12/1/2021,3,4,5,2.35844,3.0941,3.71805,117,0.923411
CT,Boston Celtics,1/1/2022,4,4,7,3.16198,2.60989,6.74787,122,0.829958
CT,Boston Celtics,2/1/2022,4,5,1,2.87913,3.05931,1.0258,113,0.868598
CT,Boston Celtics,3/1/2022,6,7,3,6.1984,5.85516,3.03731,213,0.967726
CT,Boston Celtics,4/1/2022,7,8,9,5.75809,5.25235,6.39315,194,0.982062
CT,Boston Celtics,5/1/2022,4,6,8,3.42291,5.72032,7.12406,196,1.00746
CT,Boston Celtics,6/1/2022,4,10,7,6.1823,9.82411,6.43649,410,0.995946
CT,Boston Celtics,7/1/2022,6,7,9,5.29292,10.45098,8.09456,128,1.408422
CT,Boston Celtics,8/1/2022,6,5,4,7.10415,3.7405,3.24672,346,1.126193
DC,Washington Wizards,9/1/2021,0,1,4,0,0.94688,3.58177,21,1.052538
DC,Washington Wizards,10/1/2021,1,1,4,0.39823,1.26458,4.11381,21,0.99315
DC,Washington Wizards,11/1/2021,0,1,0,0,0.9631,0,21,0.999873
DC,Washington Wizards,12/1/2021,0,1,2,0,0.71051,1.51796,20,1.00103
DC,Washington Wizards,1/1/2022,0,1,0,0,0.98593,0,20,0.922106
DC,Washington Wizards,2/1/2022,0,0,3,0,0,2.11028,22,0.886815
DC,Washington Wizards,4/1/2022,0,3,2,0,4.797,2.48376,33,0.911832
DC,Washington Wizards,5/1/2022,0,1,1,0,0.37662,0.66845,34,0.8842
DC,Washington Wizards,6/1/2022,1,0,1,1.22169,0,0.67338,73,0.794036
DC,Washington Wizards,7/1/2022,0,1,5,0,0.38822,2.22964,26,1.018756
DC,Washington Wizards,8/1/2022,0,1,2,0,0.94371,1.39313,69,0.902459
DE,Unsure,9/1/2021,0,1,1,0,1.36618,0.43883,36,1.055636
DE,Unsure,10/1/2021,0,3,1,0,2.67759,0.44831,34,1.054604
DE,Unsure,11/1/2021,0,3,0,0,2.51452,0,38,1.008642
DE,Unsure,12/1/2021,0,0,1,0,0,0.41023,39,1.030877
DE,Unsure,1/1/2022,0,3,2,0,2.69061,3.51564,35,1.062924
DE,Unsure,2/1/2022,0,1,2,0,1.38271,1.3215,35,1.044326
DE,Unsure,3/1/2022,2,3,0,1.25262,5.87596,0,73,0.911333
DE,Unsure,4/1/2022,1,2,1,0.90843,5.77042,1.90746,67,0.953088
DE,Unsure,5/1/2022,0,2,2,0,2.53206,1.28861,59,1.049744
DE,Unsure,6/1/2022,0,3,1,0,6.08583,0.87743,128,0.839694
DE,Unsure,7/1/2022,0,2,0,0,5.36941,0,36,1.286292
DE,Unsure,8/1/2022,0,1,2,0,4.72534,2.451,105,0.939122
FL,Multiple,9/1/2021,5,22,20,9.07942,35.63803,19.28112,911,1.043658
FL,Multiple,10/1/2021,9,35,21,13.42636,46.37136,15.85704,839,1.054536
FL,Multiple,11/1/2021,12,56,28,19.6202,67.06103,23.33526,839,1.070199
FL,Multiple,12/1/2021,9,24,27,8.22134,31.42412,22.49847,885,1.034951
FL,Multiple,1/1/2022,17,23,26,14.75828,29.49845,21.86002,865,1.025319
FL,Multiple,2/1/2022,8,32,35,11.54492,36.04212,36.31617,849,1.043572
FL,Multiple,3/1/2022,36,41,40,33.97143,53.95595,42.71309,1576,1.022095
FL,Multiple,4/1/2022,36,43,44,36.26516,54.19419,48.56879,1555,1.015502
FL,Multiple,5/1/2022,34,42,61,31.06625,48.55415,62.48044,1506,1.029173
FL,Multiple,6/1/2022,22,54,58,18.10747,67.34164,62.74406,3324,0.900433
FL,Multiple,7/1/2022,24,29,73,24.29583,31.2692,81.01461,908,1.373079
FL,Multiple,8/1/2022,20,28,50,22.72091,25.2549,62.15478,2652,0.999492
GA,Atlanta Hawks,9/1/2021,4,5,5,2.4992,5.32363,5.96866,401,0.97345
GA,Atlanta Hawks,10/1/2021,4,12,6,4.65248,18.85528,5.23008,385,0.959717
GA,Atlanta Hawks,11/1/2021,5,18,11,5.4211,27.361,12.41335,379,0.964206
GA,Atlanta Hawks,12/1/2021,5,10,19,5.48044,10.60813,21.35836,396,0.961985
GA,Atlanta Hawks,1/1/2022,7,12,17,6.0438,19.79549,13.76497,392,0.964047
GA,Atlanta Hawks,2/1/2022,6,12,20,4.64693,13.4034,20.87918,386,0.980831
GA,Atlanta Hawks,3/1/2022,25,15,19,19.76833,21.56557,16.9033,754,0.906825
GA,Atlanta Hawks,4/1/2022,22,10,13,20.53365,16.04586,18.79685,695,0.921322
GA,Atlanta Hawks,5/1/2022,14,19,27,8.86436,20.43398,30.47852,714,0.903517
GA,Atlanta Hawks,6/1/2022,19,24,30,16.81936,28.58465,25.4053,1701,0.772065
GA,Atlanta Hawks,7/1/2022,13,12,37,12.78038,16.01922,29.17656,393,1.151875
GA,Atlanta Hawks,8/1/2022,11,18,27,8.83265,17.29838,30.42503,1329,0.846509
HI,No Team,9/1/2021,0,2,1,0,6.09978,1.75454,26,1.249741
HI,No Team,10/1/2021,0,1,1,0,1.68523,1.68523,15,1.331068
HI,No Team,11/1/2021,0,2,1,0,4.03692,1.63646,16,1.242388
HI,No Team,12/1/2021,2,2,3,1.77936,2.46226,3.16125,23,1.364741
HI,No Team,1/1/2022,2,1,1,2.61089,1.61598,1.61598,24,1.316672
HI,No Team,2/1/2022,0,2,1,0,2.42536,1.6304,24,1.295615
HI,No Team,3/1/2022,2,3,3,4.51847,5.47739,6.54406,32,1.432639
HI,No Team,4/1/2022,2,3,3,4.69684,7.50872,5.49167,36,1.379963
HI,No Team,5/1/2022,2,2,3,2.15818,4.33201,5.45664,37,1.476649
HI,No Team,6/1/2022,3,4,3,5.67952,8.30204,7.14678,80,1.300809
HI,No Team,7/1/2022,2,3,4,3.56852,5.03573,7.40489,20,1.912685
HI,No Team,8/1/2022,1,2,5,2.90822,3.41063,12.17885,63,1.51623
IA,No Team,9/1/2021,0,0,1,0,0,0.46462,102,0.979929
IA,No Team,10/1/2021,0,0,2,0,0,1.03107,97,0.992072
IA,No Team,11/1/2021,1,3,1,0.68025,2.14873,0.68025,99,0.934451
IA,No Team,12/1/2021,1,1,3,0.37873,1.20651,1.56245,101,0.926783
IA,No Team,1/1/2022,1,1,1,0.77374,0.71282,0.563,102,0.951106
IA,No Team,2/1/2022,0,1,1,0,1.08099,1.14741,97,0.954007
IA,No Team,3/1/2022,0,2,0,0,1.71257,0,180,0.96147
IA,No Team,4/1/2022,4,2,1,5.02211,3.0466,0.63277,173,0.971664
IA,No Team,5/1/2022,2,2,3,2.42005,2.03864,2.34755,164,0.944896
IA,No Team,6/1/2022,0,2,4,0,3.64425,6.94229,356,0.88618
IA,No Team,7/1/2022,1,2,2,0.66794,1.39565,1.88039,93,1.450435
IA,No Team,8/1/2022,1,0,2,0.65554,0,2.0977,286,0.991877
ID,No Team,9/1/2021,0,1,0,0,0.69572,0,65,0.97717
ID,No Team,10/1/2021,0,2,1,0,1.05964,0.52898,56,0.917003
ID,No Team,11/1/2021,0,5,1,0,2.49034,0.51307,54,0.911309
ID,No Team,12/1/2021,0,1,0,0,0.32936,0,56,0.904396
ID,No Team,1/1/2022,0,0,1,0,0,1.12646,55,0.913736
ID,No Team,2/1/2022,1,1,1,0.65678,0.51368,0.67002,52,0.902139
ID,No Team,3/1/2022,1,1,2,0.80768,0.83979,1.37534,101,0.989194
ID,No Team,4/1/2022,1,0,1,0.79712,0,1.11673,102,0.996456
ID,No Team,5/1/2022,0,3,2,0,1.48984,1.47827,109,0.955315
ID,No Team,6/1/2022,0,4,3,0,3.42613,2.84538,224,0.902056
ID,No Team,7/1/2022,1,2,3,0.2552,1.73992,1.82896,58,1.357362
ID,No Team,8/1/2022,0,3,1,0,4.72422,0.81229,175,1.048469
IL,Chicago Bulls,9/1/2021,2,8,13,5.32965,9.64414,11.05966,416,1.121017
IL,Chicago Bulls,10/1/2021,5,24,11,7.76538,25.57038,12.09455,388,1.102212
IL,Chicago Bulls,11/1/2021,8,34,10,9.68339,38.8696,10.8332,386,1.106178
IL,Chicago Bulls,12/1/2021,10,10,10,11.34493,11.02482,9.20107,418,1.078626
IL,Chicago Bulls,1/1/2022,9,19,15,9.385,18.97649,18.62159,431,1.070454
IL,Chicago Bulls,2/1/2022,7,15,20,10.31935,17.04448,23.75742,433,1.039843
IL,Chicago Bulls,3/1/2022,20,27,27,25.6029,30.94042,32.01976,773,1.072102
IL,Chicago Bulls,4/1/2022,24,23,40,26.30761,26.26567,54.99761,737,1.085208
IL,Chicago Bulls,5/1/2022,18,44,43,21.34485,51.29735,54.50816,725,1.083164
IL,Chicago Bulls,6/1/2022,20,45,28,25.77031,67.07425,37.36013,1616,0.962451
IL,Chicago Bulls,7/1/2022,15,15,28,17.78346,18.70854,38.60853,428,1.538298
IL,Chicago Bulls,8/1/2022,10,13,27,8.04252,19.97431,43.8972,1268,1.103307
IN,Indiana Pacers,9/1/2021,2,6,1,2.21765,6.04803,1.01103,202,0.828292
IN,Indiana Pacers,10/1/2021,3,12,5,3.03978,12.77139,3.54852,187,0.838801
IN,Indiana Pacers,11/1/2021,4,20,9,2.77184,17.34256,5.47411,206,0.811897
IN,Indiana Pacers,12/1/2021,4,8,8,5.64554,6.31544,6.62401,205,0.871128
IN,Indiana Pacers,1/1/2022,6,6,7,5.79433,4.91768,5.12028,202,0.819745
IN,Indiana Pacers,2/1/2022,6,4,7,4.5894,3.27666,3.79538,210,0.849059
IN,Indiana Pacers,3/1/2022,6,11,14,4.25841,9.91916,10.07541,415,0.849699
IN,Indiana Pacers,4/1/2022,12,8,12,10.20342,10.02613,11.37456,388,0.817768
IN,Indiana Pacers,5/1/2022,11,21,25,9.53061,22.58651,26.40496,383,0.828433
IN,Indiana Pacers,6/1/2022,10,19,17,8.95084,21.31576,22.45499,947,0.830112
IN,Indiana Pacers,7/1/2022,4,7,11,2.10478,4.59894,13.88142,220,1.149045
IN,Indiana Pacers,8/1/2022,4,7,11,3.7534,10.87033,11.25252,815,0.876637
KS,No Team,9/1/2021,0,2,3,0,5.92156,5.60845,104,0.978803
KS,No Team,10/1/2021,0,5,2,0,7.58374,5.22893,100,0.958352
KS,No Team,11/1/2021,0,8,1,0,8.88805,1.63299,105,0.940756
KS,No Team,12/1/2021,0,2,2,0,1.14791,2.83606,109,0.975174
KS,No Team,1/1/2022,1,2,3,0.96167,1.14553,4.6378,110,1.011656
KS,No Team,2/1/2022,0,0,1,0,0,1.14741,107,1.004974
KS,No Team,3/1/2022,0,2,2,0,3.21015,5.71407,179,1.072484
KS,No Team,4/1/2022,5,3,4,7.18986,4.62197,7.29839,175,1.046214
KS,No Team,5/1/2022,3,3,7,3.68751,4.16799,11.3329,173,1.029567
KS,No Team,6/1/2022,3,6,2,4.97326,9.98245,2.15082,377,0.913561
KS,No Team,7/1/2022,2,5,1,1.38518,6.4808,0.45589,102,1.304765
KS,No Team,8/1/2022,3,4,5,2.56346,3.82412,2.81771,346,0.958662
KY,Unsure,9/1/2021,0,1,6,0,1.75844,10.30243,150,0.864045
KY,Unsure,10/1/2021,2,3,4,3.24499,1.69081,5.86314,129,0.842918
KY,Unsure,11/1/2021,3,6,5,5.20911,3.7717,6.0843,133,0.861203
KY,Unsure,12/1/2021,2,4,4,4.82381,3.36642,5.21682,145,0.817443
KY,Unsure,1/1/2022,2,4,4,3.53612,4.2864,4.37064,139,0.784405
KY,Unsure,2/1/2022,1,1,7,2.17651,0.63154,5.63815,149,0.787167
KY,Unsure,3/1/2022,3,2,6,4.46272,1.23945,4.67575,312,0.798873
KY,Unsure,4/1/2022,5,7,11,8.12249,5.84275,9.93269,309,0.821724
KY,Unsure,5/1/2022,3,11,6,3.55461,8.63956,4.75852,308,0.852038
KY,Unsure,6/1/2022,3,11,7,2.74058,8.60222,6.41106,735,0.806742
KY,Unsure,7/1/2022,1,4,8,0.8076,3.04518,9.32097,155,1.330786
KY,Unsure,8/1/2022,1,5,8,0.8542,4.10256,9.09623,593,0.924334
LA,New Orleans Pelicans,9/1/2021,1,1,3,0.88878,0.88878,2.03606,132,0.854708
LA,New Orleans Pelicans,10/1/2021,2,3,4,1.09266,1.97695,5.65846,109,0.895028
LA,New Orleans Pelicans,11/1/2021,2,4,4,2.09018,2.36045,5.52207,112,0.899804
LA,New Orleans Pelicans,12/1/2021,3,4,7,4.15687,2.47715,7.48629,129,0.860924
LA,New Orleans Pelicans,1/1/2022,2,1,3,3.56261,2.79691,4.31779,128,0.917813
LA,New Orleans Pelicans,2/1/2022,2,4,3,1.14549,3.16114,4.50517,127,0.869882
LA,New Orleans Pelicans,3/1/2022,4,3,5,1.82419,3.17284,5.99977,256,0.775703
LA,New Orleans Pelicans,4/1/2022,6,8,8,5.12112,5.31222,5.78551,245,0.809071
LA,New Orleans Pelicans,5/1/2022,6,5,11,4.00316,4.87934,13.44456,241,0.81197
LA,New Orleans Pelicans,6/1/2022,3,6,10,1.66194,4.6417,9.19153,568,0.741814
LA,New Orleans Pelicans,7/1/2022,1,1,9,0.76704,0.26285,8.16087,143,0.953503
LA,New Orleans Pelicans,8/1/2022,4,2,9,2.66419,1.21523,9.0721,461,0.765566
MA,Boston Celtics,9/1/2021,0,5,5,0,3.21569,4.34636,186,1.070391
MA,Boston Celtics,10/1/2021,7,13,5,6.36608,11.55411,3.63592,167,1.011298
MA,Boston Celtics,11/1/2021,6,17,3,8.31171,16.8169,2.48729,173,1.061591
MA,Boston Celtics,12/1/2021,3,4,4,4.91085,6.58394,4.28608,175,1.067192
MA,Boston Celtics,1/1/2022,8,5,8,7.70184,5.34401,8.17511,178,1.097503
MA,Boston Celtics,2/1/2022,5,6,8,3.65877,6.20829,11.78338,187,1.053033
MA,Boston Celtics,3/1/2022,11,14,11,15.52348,20.27916,19.86364,294,1.105497
MA,Boston Celtics,4/1/2022,9,12,14,11.39353,19.47017,21.17945,285,1.102431
MA,Boston Celtics,5/1/2022,9,17,9,12.29449,25.37663,11.31626,288,1.068104
MA,Boston Celtics,6/1/2022,14,24,12,16.15759,41.63751,15.57604,568,0.953054
MA,Boston Celtics,7/1/2022,5,10,11,10.878,13.79784,14.57235,180,1.576731
MA,Boston Celtics,8/1/2022,6,12,10,6.21537,13.77984,11.94407,480,1.123987
MD,Washington Wizards,9/1/2021,2,7,7,1.26756,8.76587,10.95305,181,1.102514
MD,Washington Wizards,10/1/2021,5,9,6,4.16286,8.89526,9.69273,169,1.082746
MD,Washington Wizards,11/1/2021,2,12,4,2.76274,16.02804,7.37778,162,1.086225
MD,Washington Wizards,12/1/2021,2,5,5,1.97492,3.51395,8.33694,185,1.018439
MD,Washington Wizards,1/1/2022,2,7,6,1.8138,10.67741,6.7477,182,1.065786
MD,Washington Wizards,2/1/2022,1,6,6,0.92161,4.93358,7.53292,181,1.042705
MD,Washington Wizards,3/1/2022,3,8,9,2.49868,8.63055,9.18527,350,0.916586
MD,Washington Wizards,4/1/2022,10,17,15,8.94071,15.52605,17.16962,357,0.922367
MD,Washington Wizards,5/1/2022,8,15,10,8.90493,17.25699,9.36667,362,0.930024
MD,Washington Wizards,6/1/2022,9,15,13,7.62434,16.41013,13.40972,793,0.804016
MD,Washington Wizards,7/1/2022,5,7,19,1.969,5.25662,19.77058,189,1.312464
MD,Washington Wizards,8/1/2022,9,6,18,5.37609,2.00192,17.36345,621,0.881369
ME,Boston Celtics,9/1/2021,1,3,0,0.50082,1.37855,0,61,0.83266
ME,Boston Celtics,10/1/2021,2,4,1,0.90204,2.54122,0.45278,52,0.819543
ME,Boston Celtics,11/1/2021,1,4,0,0.2,3.33956,0,44,0.875657
ME,Boston Celtics,12/1/2021,3,2,2,0.9081,1.89293,5.23224,49,0.787204
ME,Boston Celtics,1/1/2022,1,2,2,0.51443,1.5735,5.1036,59,0.803351
ME,Boston Celtics,2/1/2022,0,1,1,0,0.60899,0.63041,57,0.776278
ME,Boston Celtics,3/1/2022,2,3,1,1.9218,3.18217,0.70197,83,0.929027
ME,Boston Celtics,4/1/2022,2,2,2,1.60327,2.15416,1.83435,76,0.883529
ME,Boston Celtics,5/1/2022,2,4,3,1.47473,5.19143,2.37095,76,0.868465
ME,Boston Celtics,6/1/2022,2,6,3,2.31847,9.75439,6.91924,133,0.812341
ME,Boston Celtics,7/1/2022,2,2,2,1.32855,1.61168,1.83204,49,1.47765
ME,Boston Celtics,8/1/2022,1,3,1,0.95234,5.90598,0.89167,131,1.04729
MI,Detroit Pistons,9/1/2021,2,6,9,5.27755,8.67888,8.74375,324,1.033219
MI,Detroit Pistons,10/1/2021,8,26,14,10.97475,29.97097,12.14016,294,0.993601
MI,Detroit Pistons,11/1/2021,7,32,19,7.32417,34.24131,19.12341,293,0.953391
MI,Detroit Pistons,12/1/2021,7,12,14,8.6142,12.42477,13.57199,300,0.971616
MI,Detroit Pistons,1/1/2022,5,12,18,5.47495,14.13381,19.75461,304,0.997735
MI,Detroit Pistons,2/1/2022,4,11,8,3.59607,7.43844,7.2617,301,0.952555
MI,Detroit Pistons,3/1/2022,15,18,21,14.1793,16.53638,17.82248,544,0.967913
MI,Detroit Pistons,4/1/2022,14,20,29,10.99193,24.95165,29.91159,544,0.942195
MI,Detroit Pistons,5/1/2022,7,26,35,6.99271,31.22065,36.40619,553,0.935153
MI,Detroit Pistons,6/1/2022,5,29,37,4.69977,44.09625,34.89762,1237,0.877243
MI,Detroit Pistons,7/1/2022,3,13,27,1.78531,13.6433,25.37108,318,1.390607
MI,Detroit Pistons,8/1/2022,7,13,23,7.52829,16.37464,17.89766,1002,0.964892
MN,Minnesota Timberwoles,9/1/2021,0,3,4,0,1.63191,2.0829,169,0.902179
MN,Minnesota Timberwoles,10/1/2021,2,7,2,1.04503,9.16944,1.47839,158,0.896782
MN,Minnesota Timberwoles,11/1/2021,4,10,3,4.51915,4.92764,3.87149,143,0.852345
MN,Minnesota Timberwoles,12/1/2021,4,5,3,4.76494,5.27469,3.89483,159,0.862132
MN,Minnesota Timberwoles,1/1/2022,5,3,5,4.91461,3.48567,5.24724,154,0.90129
MN,Minnesota Timberwoles,2/1/2022,4,2,5,4.39251,2.86828,3.67637,148,0.856981
MN,Minnesota Timberwoles,3/1/2022,3,4,4,3.39222,3.36429,3.18323,241,0.987208
MN,Minnesota Timberwoles,4/1/2022,9,8,3,11.5318,9.97391,2.35235,254,0.967557
MN,Minnesota Timberwoles,5/1/2022,5,9,7,3.96707,6.42774,11.0762,261,0.953998
MN,Minnesota Timberwoles,6/1/2022,3,9,3,3.63871,6.36528,3.13076,534,0.892617
MN,Minnesota Timberwoles,7/1/2022,5,2,7,4.94011,1.52287,6.86091,157,1.375046
MN,Minnesota Timberwoles,8/1/2022,2,4,6,2.16663,4.37098,6.3685,440,0.973874
MO,No Team,9/1/2021,1,3,2,1.31123,2.66893,1.57399,238,0.91999
MO,No Team,10/1/2021,1,11,3,0.7394,9.9476,1.06935,203,0.904178
MO,No Team,11/1/2021,3,13,5,1.77525,13.63049,6.94141,200,0.904174
MO,No Team,12/1/2021,1,5,9,0.74628,5.49817,10.38737,211,0.947449
MO,No Team,1/1/2022,4,3,8,7.75218,2.72836,4.18928,213,0.992201
MO,No Team,2/1/2022,3,3,10,1.78462,1.32501,6.61965,212,0.975939
MO,No Team,3/1/2022,4,7,10,2.22721,4.86459,7.67607,441,0.935745
MO,No Team,4/1/2022,5,7,9,2.38758,4.22418,7.82139,433,0.938585
MO,No Team,5/1/2022,0,12,8,0,16.00399,6.98029,442,0.937828
MO,No Team,6/1/2022,8,16,15,4.63271,18.32403,17.79419,1006,0.809997
MO,No Team,7/1/2022,2,10,14,0.92985,9.02074,15.80072,222,1.40834
MO,No Team,8/1/2022,3,6,12,2.45356,7.60334,16.17627,840,0.915354
MS,Unsure,9/1/2021,0,3,3,0,4.54019,2.105,90,0.750923
MS,Unsure,10/1/2021,0,3,1,0,3.87924,0.63007,83,0.774093
MS,Unsure,11/1/2021,1,5,0,0.77623,5.24383,0,81,0.704287
MS,Unsure,12/1/2021,1,1,0,0.64746,0.64746,0,85,0.723606
MS,Unsure,1/1/2022,2,0,2,1.33414,0,1.36805,90,0.660402
MS,Unsure,2/1/2022,1,2,1,0.77387,2.83482,0.61064,89,0.716209
MS,Unsure,3/1/2022,3,3,6,3.16012,4.85153,4.30476,198,0.687922
MS,Unsure,4/1/2022,1,4,6,0.39086,4.4874,5.31228,195,0.673271
MS,Unsure,5/1/2022,4,6,7,4.79769,5.73797,6.43242,190,0.706804
MS,Unsure,6/1/2022,3,3,8,1.78421,2.50167,5.48187,428,0.653365
MS,Unsure,7/1/2022,2,4,9,2.63432,3.51289,5.31005,86,0.95864
MS,Unsure,8/1/2022,3,5,9,1.70055,3.35561,5.56675,335,0.70583
MT,No Team,9/1/2021,0,1,1,0,0.65893,0.33555,40,0.860281
MT,No Team,10/1/2021,1,1,0,0.74536,1.45565,0,35,0.867526
MT,No Team,11/1/2021,1,2,0,0.71099,1.97934,0,37,0.872007
MT,No Team,1/1/2022,0,0,1,0,0,0.8179,40,0.900183
MT,No Team,2/1/2022,0,1,1,0,1.54056,1.50767,39,0.923023
MT,No Team,3/1/2022,0,2,0,0,3.71218,0,65,0.979558
MT,No Team,4/1/2022,0,3,1,0,4.96869,0.56866,60,0.938179
MT,No Team,5/1/2022,0,4,1,0,5.41021,1.22818,61,0.943635
MT,No Team,6/1/2022,0,2,0,0,3.41357,0,100,0.959756
MT,No Team,8/1/2022,1,3,2,0.60605,5.42811,4.01217,83,1.042776
NC,Charlotte Hornets,9/1/2021,1,10,12,1.69685,9.56936,9.85687,388,0.881239
NC,Charlotte Hornets,10/1/2021,9,21,14,8.15609,16.83932,10.50789,339,0.883493
NC,Charlotte Hornets,11/1/2021,6,25,12,7.54499,19.53918,9.83406,334,0.867031
NC,Charlotte Hornets,12/1/2021,7,5,16,9.54723,3.69044,11.81775,373,0.879545
NC,Charlotte Hornets,1/1/2022,5,6,13,5.91118,3.64611,10.38401,377,0.943226
NC,Charlotte Hornets,2/1/2022,7,10,14,10.54456,4.99504,15.00264,369,0.933072
NC,Charlotte Hornets,3/1/2022,8,19,17,7.58573,20.65047,20.79701,706,0.872592
NC,Charlotte Hornets,4/1/2022,15,24,23,15.5251,25.7275,18.6394,683,0.855537
NC,Charlotte Hornets,5/1/2022,15,31,24,15.57099,35.95874,24.89955,679,0.862367
NC,Charlotte Hornets,6/1/2022,13,29,20,11.0521,33.28242,19.58346,1556,0.758861
NC,Charlotte Hornets,7/1/2022,20,16,35,22.51012,26.92761,31.98714,378,1.244758
NC,Charlotte Hornets,8/1/2022,11,21,33,16.26507,28.48099,35.32649,1227,0.87863
ND,No Team,10/1/2021,0,1,0,0,1.88788,0,18,1.266717
ND,No Team,11/1/2021,0,1,0,0,1.62918,0,21,1.22851
ND,No Team,3/1/2022,0,1,0,0,0.46815,0,39,1.153722
ND,No Team,4/1/2022,1,0,0,3.53888,0,0,37,1.208223
ND,No Team,5/1/2022,0,4,0,0,8.31057,0,38,1.048988
ND,No Team,6/1/2022,0,2,0,0,3.28568,0,82,0.906756
ND,No Team,7/1/2022,0,0,1,0,0,0.81061,20,1.517857
ND,No Team,8/1/2022,0,1,0,0,0.30782,0,68,0.984278
NE,No Team,9/1/2021,1,3,2,1.27094,2.5849,1.73646,73,0.978479
NE,No Team,10/1/2021,0,3,1,0,2.62886,0.33004,59,1.022032
NE,No Team,11/1/2021,0,5,1,0,3.96458,1.77234,57,0.924447
NE,No Team,12/1/2021,1,1,3,0.6392,0.6392,5.85294,57,0.952691
NE,No Team,1/1/2022,0,1,3,0,1.12032,1.69767,63,0.939644
NE,No Team,2/1/2022,1,1,2,0.80784,0.80784,2.61083,61,0.95177
NE,No Team,3/1/2022,3,2,4,5.44067,5.02571,3.27973,115,0.976224
NE,No Team,4/1/2022,2,4,3,2.29695,5.98448,4.60705,103,0.988794
NE,No Team,5/1/2022,3,4,2,3.03478,5.74682,1.52967,104,0.977155
NE,No Team,6/1/2022,1,4,3,1.65804,5.52773,1.7621,214,0.791066
NE,No Team,7/1/2022,1,2,3,0.72425,1.6212,3.9092,61,1.363124
NE,No Team,8/1/2022,3,1,2,1.6833,0.56455,1.90649,164,0.937313
NH,Boston Celtics,9/1/2021,0,0,1,0,0,0.45579,58,0.963113
NH,Boston Celtics,10/1/2021,1,2,0,0.45278,5.51568,0,49,0.960781
NH,Boston Celtics,11/1/2021,0,5,0,0,8.48066,0,47,1.015344
NH,Boston Celtics,12/1/2021,1,1,1,0.65045,0.53517,1.03114,50,0.963125
NH,Boston Celtics,1/1/2022,0,0,1,0,0,3.13725,51,0.895289
NH,Boston Celtics,3/1/2022,2,2,1,1.36605,1.36605,0.65827,81,0.957772
NH,Boston Celtics,4/1/2022,2,1,0,1.89378,1.05331,0,80,0.953556
NH,Boston Celtics,5/1/2022,3,5,2,2.19302,5.60821,1.46723,77,0.952929
NH,Boston Celtics,6/1/2022,2,8,0,2.02204,7.32329,0,139,0.960499
NH,Boston Celtics,7/1/2022,3,0,1,2.591,0,0.86349,50,1.566544
NH,Boston Celtics,8/1/2022,2,1,1,5.62771,4.55639,0.77336,116,1.26929
NJ,Unsure,9/1/2021,2,6,5,2.48484,9.75483,4.96104,287,1.028193
NJ,Unsure,10/1/2021,5,14,6,3.30708,15.06785,6.62595,263,1.107864
NJ,Unsure,11/1/2021,5,13,8,7.76239,13.20645,9.10143,247,1.11291
NJ,Unsure,12/1/2021,7,6,17,7.60052,9.74066,28.2264,274,1.112872
NJ,Unsure,1/1/2022,6,13,11,8.529,17.24316,14.47047,298,1.069112
NJ,Unsure,2/1/2022,5,12,10,7.07984,13.3204,10.28875,270,1.090808
NJ,Unsure,3/1/2022,9,17,9,9.3423,20.8409,12.24767,477,1.093008
NJ,Unsure,4/1/2022,13,14,20,14.71246,18.02517,30.38786,478,1.114358
NJ,Unsure,5/1/2022,5,21,23,10.8111,45.3583,42.64837,463,1.107234
NJ,Unsure,6/1/2022,9,19,23,14.722,29.26993,29.43372,921,1.010231
NJ,Unsure,7/1/2022,7,12,26,5.83909,14.36254,38.60671,294,1.646275
NJ,Unsure,8/1/2022,9,12,16,8.72768,17.45081,20.79494,795,1.127966
NM,No Team,10/1/2021,0,4,0,0,3.44495,0,50,0.873609
NM,No Team,11/1/2021,0,3,2,0,2.14105,1.11764,48,0.9452
NM,No Team,12/1/2021,0,1,1,0,1.03582,0.62619,44,0.8744
NM,No Team,1/1/2022,1,0,4,1.12646,0,4.29091,51,0.894061
NM,No Team,2/1/2022,1,0,1,0.70215,0,0.76138,63,0.95089
NM,No Team,3/1/2022,1,0,1,0.95176,0,0.71071,97,1.089962
NM,No Team,4/1/2022,0,0,1,0,0,0.53919,89,1.023906
NM,No Team,5/1/2022,2,3,1,2.81155,4.56006,0.71806,89,1.062667
NM,No Team,6/1/2022,0,1,5,0,2.08109,3.76123,220,1.052913
NM,No Team,7/1/2022,1,2,3,4.7592,5.67916,3.05637,51,1.306111
NM,No Team,8/1/2022,0,0,1,0,0,0.53133,178,1.111815
NV,No Team,9/1/2021,0,4,3,0,7.70012,3.41332,105,1.097277
NV,No Team,10/1/2021,1,8,8,5,19.97862,10.37311,101,1.083851
NV,No Team,11/1/2021,2,10,8,5.63933,22.41566,11.64429,93,1.092701
NV,No Team,12/1/2021,2,4,6,6.47457,7.43887,8.83163,98,1.130919
NV,No Team,1/1/2022,1,7,2,5,10.79973,6.12646,105,1.085697
NV,No Team,2/1/2022,2,3,4,6.3848,2.54175,6.57509,97,1.100981
NV,No Team,3/1/2022,3,8,4,6.25579,13.05967,10.08906,200,1.100685
NV,No Team,4/1/2022,6,7,7,8.22369,12.80744,13.82264,197,1.122662
NV,No Team,5/1/2022,4,11,7,6.32356,18.43281,10.8968,194,1.077396
NV,No Team,6/1/2022,5,13,6,3.56239,24.10231,11.36522,515,0.906161
NV,No Team,7/1/2022,10,7,10,9.35605,7.90483,16.78117,107,1.600181
NV,No Team,8/1/2022,3,3,11,1.75683,7.23939,14.05378,409,1.07938
NY,Multiple,9/1/2021,3,17,19,2.5563,16.50225,22.70589,689,1.024766
NY,Multiple,10/1/2021,6,26,16,4.97616,28.81985,20.03382,622,1.012779
NY,Multiple,11/1/2021,7,39,19,9.65584,46.61569,21.93112,596,1.041894
NY,Multiple,12/1/2021,6,12,28,8.88541,15.19463,34.34536,648,1.03062
NY,Multiple,1/1/2022,18,15,25,27.89554,22.00652,27.88001,684,0.995813
NY,Multiple,2/1/2022,15,20,30,19.61683,21.55571,30.67978,648,1.018328
NY,Multiple,3/1/2022,37,30,39,42.3476,39.36316,60.24356,1138,1.073244
NY,Multiple,4/1/2022,40,33,66,51.28834,43.21543,92.19429,1131,1.067633
NY,Multiple,5/1/2022,33,55,53,47.79415,86.73693,64.37832,1117,1.060275
NY,Multiple,6/1/2022,24,58,60,28.75154,83.54126,78.27154,2289,0.975635
NY,Multiple,7/1/2022,27,22,54,40.72383,32.8908,61.05862,683,1.618296
NY,Multiple,8/1/2022,18,29,54,27.56321,39.20117,66.65508,1880,1.138773
OH,Cleveland Cavaliers,9/1/2021,4,10,16,5.2075,8.2099,14.35486,445,0.912128
OH,Cleveland Cavaliers,10/1/2021,11,18,12,10.2735,21.4177,11.93542,399,0.937403
OH,Cleveland Cavaliers,11/1/2021,6,28,9,4.43859,33.06,16.22375,397,0.930474
OH,Cleveland Cavaliers,12/1/2021,12,15,10,20.78898,14.67464,12.87514,412,0.93812
OH,Cleveland Cavaliers,1/1/2022,10,12,8,15.80136,14.92873,7.60384,404,0.931965
OH,Cleveland Cavaliers,2/1/2022,8,12,16,15.22318,16.8736,19.75397,417,0.945299
OH,Cleveland Cavaliers,3/1/2022,15,18,17,18.12013,19.74641,19.12085,766,0.936587
OH,Cleveland Cavaliers,4/1/2022,15,19,25,21.99369,17.59855,23.29952,767,0.94757
OH,Cleveland Cavaliers,5/1/2022,9,26,19,12.8832,26.74477,15.78524,758,0.948929
OH,Cleveland Cavaliers,6/1/2022,16,31,24,18.5362,43.08215,20.54845,1798,0.842791
OH,Cleveland Cavaliers,7/1/2022,13,16,38,11.17296,17.06449,34.4822,415,1.40183
OH,Cleveland Cavaliers,8/1/2022,15,17,31,12.63621,21.30968,28.28805,1437,0.951723
OK,Oklahoma City Thunder,9/1/2021,1,3,2,0.59852,1.7631,3.88725,144,0.884851
OK,Oklahoma City Thunder,10/1/2021,1,6,2,3.73036,4.69109,1.02359,131,0.884382
OK,Oklahoma City Thunder,11/1/2021,2,7,1,1.71526,5.86413,0.39275,122,0.861374
OK,Oklahoma City Thunder,12/1/2021,1,3,1,0.65535,4.98192,0.32319,131,0.884507
OK,Oklahoma City Thunder,1/1/2022,0,3,1,0,4.67941,3.53356,135,0.857369
OK,Oklahoma City Thunder,2/1/2022,1,2,3,0.3963,4.06509,2.72645,124,0.858993
OK,Oklahoma City Thunder,3/1/2022,2,3,5,1.01497,4.45193,5.58367,276,0.795333
OK,Oklahoma City Thunder,4/1/2022,2,6,2,1.07625,6.38054,2.40737,279,0.807398
OK,Oklahoma City Thunder,5/1/2022,5,5,5,4.54348,5.48818,6.39144,247,0.800726
OK,Oklahoma City Thunder,6/1/2022,2,7,7,1.21286,6.23091,4.68083,606,0.774412
OK,Oklahoma City Thunder,7/1/2022,2,4,8,2.92815,5.18767,5.36875,118,1.06318
OK,Oklahoma City Thunder,8/1/2022,2,3,5,0.69411,4.76068,3.27878,450,0.854964
OR,Portland Trail Blazers,9/1/2021,4,3,4,5.83573,4.58215,4.89818,180,1.062558
OR,Portland Trail Blazers,10/1/2021,6,8,6,11.73169,10.04483,4.34612,164,1.087195
OR,Portland Trail Blazers,11/1/2021,6,10,3,13.02437,13.69367,4.9221,161,1.128772
OR,Portland Trail Blazers,12/1/2021,6,5,9,13.96305,8.73543,10.23335,162,1.121386
OR,Portland Trail Blazers,1/1/2022,3,2,6,7.43992,2.91498,7.52181,179,1.0547
OR,Portland Trail Blazers,2/1/2022,4,9,4,5.19945,10.10659,4.43349,178,1.029855
OR,Portland Trail Blazers,3/1/2022,9,6,10,13.1819,10.35362,15.33926,274,1.084768
OR,Portland Trail Blazers,4/1/2022,8,11,7,12.05379,16.84162,9.71467,273,1.118262
OR,Portland Trail Blazers,5/1/2022,4,12,9,5.11025,19.34704,12.98069,272,1.103189
OR,Portland Trail Blazers,6/1/2022,7,11,11,17.23509,18.44609,16.20677,571,0.991554
OR,Portland Trail Blazers,7/1/2022,7,8,6,11.59542,13.69715,10.44268,179,1.786667
OR,Portland Trail Blazers,8/1/2022,4,10,6,3.14531,9.69271,7.15396,464,1.241643
PA,Philadelphia 76ers,9/1/2021,3,14,5,1.36036,11.47281,2.97607,518,0.85115
PA,Philadelphia 76ers,10/1/2021,10,30,12,6.10826,25.02241,6.92688,470,0.834804
PA,Philadelphia 76ers,11/1/2021,7,38,11,4.85679,33.13846,9.24417,454,0.852878
PA,Philadelphia 76ers,12/1/2021,6,14,19,6.91389,13.08174,14.00895,480,0.847972
PA,Philadelphia 76ers,1/1/2022,5,11,21,2.64245,7.47567,19.39796,497,0.832635
PA,Philadelphia 76ers,2/1/2022,8,20,19,12.50671,16.91604,18.87857,491,0.875574
PA,Philadelphia 76ers,3/1/2022,21,36,20,22.47001,40.90555,19.9945,836,0.940293
PA,Philadelphia 76ers,4/1/2022,19,35,40,16.54827,32.80423,47.23284,810,0.955447
PA,Philadelphia 76ers,5/1/2022,17,41,39,22.38665,52.70419,48.49748,816,0.978003
PA,Philadelphia 76ers,6/1/2022,15,44,37,21.32769,50.21101,48.91424,1751,0.892933
PA,Philadelphia 76ers,7/1/2022,12,19,25,15.74038,28.44089,30.76338,518,1.489195
PA,Philadelphia 76ers,8/1/2022,7,18,20,9.78115,32.98324,27.80123,1400,1.055682
PR,No Team,10/1/2021,0,2,1,0,2.09314,1.277,24,0.782977
PR,No Team,11/1/2021,1,1,0,0.63813,0.59952,0,23,0.805528
PR,No Team,12/1/2021,1,0,0,0.65827,0,0,25,0.815191
PR,No Team,1/1/2022,0,1,2,0,0.44556,2.40772,28,0.771494
PR,No Team,2/1/2022,1,2,2,0.78286,1.42,1.9476,28,0.766397
PR,No Team,3/1/2022,2,1,1,2.85947,1.06573,1.14668,44,1.302967
PR,No Team,4/1/2022,2,1,2,2.96755,1.14434,2.26952,44,1.290072
PR,No Team,5/1/2022,1,2,2,1.67455,1.68411,1.6721,41,1.34781
PR,No Team,6/1/2022,1,3,1,1.81054,3.17224,1.05353,87,1.275798
PR,No Team,7/1/2022,2,2,0,2.47992,2.66108,0,28,1.841862
PR,No Team,8/1/2022,1,1,0,1.36306,1.45531,0,82,1.405449
RI,Boston Celtics,9/1/2021,1,0,0,0.67462,0,0,37,0.858048
RI,Boston Celtics,10/1/2021,0,1,0,0,0.3741,0,30,0.977631
RI,Boston Celtics,11/1/2021,0,2,3,0,1.30988,6.22763,28,1.021241
RI,Boston Celtics,12/1/2021,0,1,1,0,0.81091,5,33,0.982357
RI,Boston Celtics,1/1/2022,0,0,1,0,0,0.93146,26,0.721046
RI,Boston Celtics,2/1/2022,1,1,0,1.26453,1.45079,0,27,0.723937
RI,Boston Celtics,3/1/2022,1,1,2,0.27967,1.43995,3.17256,66,0.829069
RI,Boston Celtics,4/1/2022,1,0,0,0.97002,0,0,46,0.835058
RI,Boston Celtics,5/1/2022,0,1,0,0,0.43464,0,47,0.771847
RI,Boston Celtics,6/1/2022,0,0,1,0,0,1.08563,112,0.780511
RI,Boston Celtics,7/1/2022,2,0,0,1.39123,0,0,28,1.426514
RI,Boston Celtics,8/1/2022,1,0,1,0.31336,0,1.58012,89,0.93762
SC,Unsure,9/1/2021,2,4,4,1.48343,5.11836,6.66373,197,0.912417
SC,Unsure,10/1/2021,0,4,7,0,8.66416,11.26591,178,0.877859
SC,Unsure,11/1/2021,3,6,4,4.43516,9.08259,7.83924,173,0.883989
SC,Unsure,12/1/2021,1,3,3,0.57748,5.34054,2.94219,178,0.958327
SC,Unsure,1/1/2022,0,2,4,0,1.73517,5.54793,186,0.970879
SC,Unsure,2/1/2022,1,2,1,1.43594,1.02507,1.09245,176,0.955535
SC,Unsure,3/1/2022,4,6,5,3.13179,5.65549,5.01246,341,0.856246
SC,Unsure,4/1/2022,4,4,8,3.64464,2.72252,4.66145,346,0.852322
SC,Unsure,5/1/2022,2,6,7,1.84696,4.14366,3.89778,342,0.829303
SC,Unsure,6/1/2022,2,12,8,1.23023,8.27192,5.4391,807,0.741098
SC,Unsure,7/1/2022,3,4,8,2.36597,3.75647,5.92946,198,1.259089
SC,Unsure,8/1/2022,6,7,8,4.52018,3.90589,5.84462,654,0.878798
SD,No Team,9/1/2021,0,1,0,0,3.93541,0,36,0.919936
SD,No Team,10/1/2021,1,2,0,3.61194,3.87602,0,31,0.973104
SD,No Team,11/1/2021,0,2,0,0,3.97593,0,29,0.995592
SD,No Team,12/1/2021,0,1,0,0,3.11185,0,30,0.923986
SD,No Team,1/1/2022,0,1,0,0,2.91496,0,27,0.908995
SD,No Team,2/1/2022,0,3,0,0,3.84626,0,26,0.937809
SD,No Team,3/1/2022,0,3,0,0,6.33153,0,45,1.008351
SD,No Team,4/1/2022,2,3,0,5.50836,6.32282,0,46,1.05966
SD,No Team,5/1/2022,1,4,0,0.34536,11.76653,0,42,1.100511
SD,No Team,6/1/2022,1,5,1,5,12.62125,0.58396,98,0.955623
SD,No Team,7/1/2022,0,1,0,0,5,0,33,1.322783
SD,No Team,8/1/2022,1,3,0,1.54735,7.00215,0,91,0.994908
TN,Memphis Grizzlies,9/1/2021,2,8,7,5.23339,9.32125,8.94469,256,0.882765
TN,Memphis Grizzlies,10/1/2021,2,11,5,0.8819,14.38082,3.98446,218,0.934009
TN,Memphis Grizzlies,11/1/2021,2,15,5,0.8637,17.67774,4.35504,205,0.925499
TN,Memphis Grizzlies,12/1/2021,2,11,8,2.33987,15.97766,6.64064,223,0.897727
TN,Memphis Grizzlies,1/1/2022,0,12,8,0,16.31776,4.90287,230,0.898355
TN,Memphis Grizzlies,2/1/2022,3,9,5,2.12168,11.72835,5.47079,213,0.88766
TN,Memphis Grizzlies,3/1/2022,7,11,11,4.67913,14.64074,12.77313,404,0.862352
TN,Memphis Grizzlies,4/1/2022,6,12,13,4.75505,13.59963,17.75132,407,0.846331
TN,Memphis Grizzlies,5/1/2022,7,19,12,7.15528,18.44839,12.80381,427,0.85009
TN,Memphis Grizzlies,6/1/2022,5,17,15,5.39841,16.53224,17.98544,1000,0.748911
TN,Memphis Grizzlies,7/1/2022,10,7,22,7.29509,7.0005,20.0081,233,1.163163
TN,Memphis Grizzlies,8/1/2022,7,7,13,6.63152,9.67949,11.31207,820,0.838692
TX,Multiple,9/1/2021,4,14,29,4.23479,10.87905,37.0323,850,1.055312
TX,Multiple,10/1/2021,13,36,23,12.84213,37.89732,26.40322,754,1.029953
TX,Multiple,11/1/2021,8,42,29,9.67258,40.17262,28.17735,747,1.040304
TX,Multiple,12/1/2021,12,20,33,14.30947,17.73701,39.11186,812,1.029948
TX,Multiple,1/1/2022,15,12,31,16.48146,10.51666,38.19541,837,1.051615
TX,Multiple,2/1/2022,14,20,29,15.31013,17.59896,33.67452,835,1.050852
TX,Multiple,3/1/2022,24,27,42,27.15363,19.79786,52.31382,1627,0.999954
TX,Multiple,4/1/2022,32,34,48,43.28588,37.22125,59.47064,1616,0.99771
TX,Multiple,5/1/2022,39,46,58,39.07257,43.45465,68.4805,1614,0.995225
TX,Multiple,6/1/2022,30,49,58,31.7837,53.21096,64.03786,4035,0.897472
TX,Multiple,7/1/2022,27,34,80,25.10807,34.51513,87.49463,884,1.312643
TX,Multiple,8/1/2022,20,43,58,10.88943,51.72488,63.88457,3183,0.943809
UT,Utah Jazz,9/1/2021,0,2,3,0,1.10019,5.97828,100,0.882244
UT,Utah Jazz,10/1/2021,1,4,2,0.68005,3.56622,4.87329,81,0.977825
UT,Utah Jazz,11/1/2021,2,8,2,0.97387,7.20929,1.52746,81,0.944899
UT,Utah Jazz,12/1/2021,2,5,5,1.09461,4.77623,8.12826,81,0.939278
UT,Utah Jazz,1/1/2022,3,3,1,1.49325,1.86189,3.37284,89,0.91829
UT,Utah Jazz,2/1/2022,2,7,5,1.72159,6.56081,5.76171,91,0.945738
UT,Utah Jazz,3/1/2022,2,6,4,1.28762,5.82765,8.10366,170,0.875482
UT,Utah Jazz,4/1/2022,5,10,5,3.40265,9.26139,8.2229,168,0.861776
UT,Utah Jazz,5/1/2022,5,7,3,3.94517,4.5445,6.77791,157,0.864891
UT,Utah Jazz,6/1/2022,4,13,3,2.55066,11.33802,2.87691,361,0.838031
UT,Utah Jazz,7/1/2022,3,6,5,2.07306,6.49185,3.11034,88,1.246654
UT,Utah Jazz,8/1/2022,4,2,5,2.83346,2.37108,7.02058,293,0.906223
VA,Unsure,9/1/2021,2,5,8,1.28334,3.07388,8.76536,264,1.044054
VA,Unsure,10/1/2021,4,17,12,6.7151,22.15787,9.62637,253,1.011066
VA,Unsure,11/1/2021,6,22,13,8.01049,20.77998,12.57436,248,0.990023
VA,Unsure,12/1/2021,8,8,14,10.12574,4.8157,11.89213,268,0.98058
VA,Unsure,1/1/2022,9,11,14,13.2609,9.99299,12.7085,281,0.998359
VA,Unsure,2/1/2022,6,3,15,9.3067,2.26299,15.32229,266,0.991166
VA,Unsure,3/1/2022,9,13,18,11.46395,12.88365,18.66538,465,0.908223
VA,Unsure,4/1/2022,11,13,24,15.1479,13.34379,21.91934,456,0.908078
VA,Unsure,5/1/2022,7,17,19,5.83566,20.19935,20.01561,465,0.888755
VA,Unsure,6/1/2022,5,19,27,3.85093,19.32703,28.74527,1057,0.784374
VA,Unsure,7/1/2022,11,12,27,11.67066,12.68299,24.24517,293,1.222311
VA,Unsure,8/1/2022,9,8,12,7.534,8.74734,15.07144,875,0.871091
VI,No Team,9/1/2021,0,0,1,0,0,0.48297,1,0.48297
VI,No Team,10/1/2021,0,0,1,0,0,0.51276,1,0.51276
VI,No Team,11/1/2021,0,0,1,0,0,0.48246,1,0.48246
VI,No Team,7/1/2022,0,1,0,0,0.40811,0,1,1.63069
VT,Unsure,12/1/2021,0,0,1,0,0,0.38003,14,0.868132
VT,Unsure,1/1/2022,0,0,1,0,0,0.33628,14,0.648629
VT,Unsure,2/1/2022,0,0,1,0,0,0.33209,15,0.600423
VT,Unsure,3/1/2022,0,0,1,0,0,0.26956,21,0.796221
VT,Unsure,6/1/2022,1,1,0,0.89883,1.14198,0,36,0.94914
VT,Unsure,8/1/2022,1,0,0,0.86105,0,0,35,1.189163
WA,No Team,9/1/2021,3,2,13,3.45689,2.37402,18.48744,256,1.05684
WA,No Team,10/1/2021,1,18,6,1.12736,27.02269,5.72745,225,1.110107
WA,No Team,11/1/2021,3,19,7,2.08672,20.5942,7.32867,228,1.063183
WA,No Team,12/1/2021,4,5,5,2.76939,4.10577,8.4029,230,1.176956
WA,No Team,1/1/2022,5,8,9,6.82078,11.51347,8.67335,230,1.149235
WA,No Team,2/1/2022,5,8,10,5.77674,16.78336,13.5468,224,1.143576
WA,No Team,3/1/2022,7,20,9,16.50399,32.16817,13.59182,371,1.173814
WA,No Team,4/1/2022,7,16,11,7.54254,26.70335,12.53228,356,1.122888
WA,No Team,5/1/2022,8,29,15,5.68426,47.62866,15.98453,363,1.105808
WA,No Team,6/1/2022,4,22,17,3.23481,46.63499,19.06644,846,1.001812
WA,No Team,7/1/2022,6,12,17,7.36885,23.69944,19.48747,222,1.536106
WA,No Team,8/1/2022,5,8,11,3.79359,16.60764,11.06744,667,1.122283
WI,Milwaukee Bucks,9/1/2021,1,1,8,0.52084,0.43574,8.01901,232,0.94406
WI,Milwaukee Bucks,10/1/2021,2,10,5,1.33396,7.79514,4.26552,208,0.970011
WI,Milwaukee Bucks,11/1/2021,1,15,4,0.94938,10.46028,3.38289,207,0.932279
WI,Milwaukee Bucks,12/1/2021,4,10,5,7.42327,12.13942,4.20092,220,0.963264
WI,Milwaukee Bucks,1/1/2022,3,4,6,1.53939,2.68984,5.28875,215,0.991247
WI,Milwaukee Bucks,2/1/2022,4,5,7,2.93056,8.43943,7.8041,205,0.972883
WI,Milwaukee Bucks,3/1/2022,16,12,9,16.76878,11.0118,10.63473,346,0.966568
WI,Milwaukee Bucks,4/1/2022,17,11,11,17.09175,8.89284,10.48223,338,0.965493
WI,Milwaukee Bucks,5/1/2022,8,11,10,8.02537,8.0471,11.63815,322,0.996594
WI,Milwaukee Bucks,6/1/2022,6,12,10,6.08549,14.22444,12.13741,700,0.902579
WI,Milwaukee Bucks,7/1/2022,11,7,13,11.14517,5.66001,14.08024,210,1.363624
WI,Milwaukee Bucks,8/1/2022,5,7,8,3.80903,5.621,12.02362,567,0.970269
WV,No Team,10/1/2021,0,0,1,0,0,0.80239,62,0.702416
WV,No Team,11/1/2021,0,7,1,0,5.26009,0.34914,61,0.724421
WV,No Team,12/1/2021,2,3,4,2.7661,2.27251,2.03798,71,0.820336
WV,No Team,1/1/2022,1,0,4,2.2815,0,2.39059,68,0.831278
WV,No Team,2/1/2022,0,2,1,0,1.28685,0.45105,66,0.868482
WV,No Team,3/1/2022,2,5,3,3.00022,3.3727,2.43412,153,0.922663
WV,No Team,4/1/2022,1,2,8,4.41677,1.11821,7.80743,145,0.925892
WV,No Team,5/1/2022,0,4,2,0,3.9164,1.48296,148,0.913248
WV,No Team,6/1/2022,2,5,1,1.1467,2.53907,1.0603,324,0.816353
WV,No Team,7/1/2022,3,1,4,2.75226,0.61233,2.34559,78,1.389417
WV,No Team,8/1/2022,0,2,3,0,1.76742,2.93765,256,0.92356
WY,No Team,1/1/2022,0,0,1,0,0,0.20002,11,1.308073
WY,No Team,7/1/2022,1,0,1,0.87541,0,0.87541,10,1.497536
